<?xml version="1.0" encoding="UTF-8" ?>
<!DOCTYPE mapper
        PUBLIC "-//mybatis.org//DTD Mapper 3.0//EN"
        "http://mybatis.org/dtd/mybatis-3-mapper.dtd">
<mapper namespace="com.itheima.mapper.EmpMapper">
    <!--批量删除员工 (1, 2, 3)-->
    <delete id="delete">
        delete
        from emp
        where id in
        <foreach collection="ids" item="id" separator="," open="(" close=")">
            #{id}
        </foreach>
    </delete>

    <!--条件查询-->
    <select id="list" resultType="com.itheima.pojo.Emp">
        select *
        from emp
        <where>
            <if test="name != null and name != ''">
                name like concat('%',#{name},'%')
            </if>
            <if test="gender != null">
                and gender = #{gender}
            </if>
            <if test="begin != null and end != null">
                and entrydate between #{begin} and #{end}
            </if>
        </where>
        order by update_time desc
    </select>

</mapper>
